{
    "welcomeFile": "/library.js",
    "authenticationMethod": "route",
    "routes": [
        {
            "source": "^/resources/(.*)$",
            "target": "/resources/$1",
            "destination": "ui5",
            "authenticationType": "none"
        },
        {
            "source": "^/test-resources/(.*)$",
            "target": "/test-resources/$1",
            "destination": "ui5",
            "authenticationType": "none"
        },
        {
            "source": "^(.*)$",
            "target": "/$1",
            "service": "html5-apps-repo-rt",
            "cacheControl": "public, max-age=600",
            "authenticationType": "xsuaa"
        }
    ]
}